iter	Logloss
0	0.6879009047
299	0.3845159305
